,time,conv_history,schedule,activity
424,07:10,Ask David if he would like to receive any notifications or reminders through the chatbot.,Morning routine,Wash face
439,07:25,Good morning! How can I help you today?,Morning routine,Review schedule
442,07:28,Would you like any recommendations for today's news or entertainment?,Morning routine,Review schedule
444,07:30,Good morning! How can I assist you with your morning routine or schedule?,Breakfast,Prepare coffee
445,07:31,Is there anything specific you would like to know or discuss?,Breakfast,Prepare coffee
447,07:33,Would you like any recommendations for news or entertainment?,Breakfast,Prepare coffee
449,07:35,Chatbot: Good morning David! How can I assist you today? Any specific topic you'd like to discuss?,Breakfast,Toast bread
451,07:37,"Chatbot: David, have you heard about the latest technology news? There are some exciting developments in the tech world.",Breakfast,Toast bread
452,07:38,"Chatbot: David, would you like to receive timely notifications and reminders throughout your day? I can help you with that.",Breakfast,Toast bread
454,07:40,"Chatbot: Good morning, David! How is your morning routine going so far? Need any tips or suggestions?",Breakfast,Spread butter and jam
455,07:41,"Chatbot: David, have you checked the news today? There are some interesting stories happening around the world.",Breakfast,Spread butter and jam
458,07:44,"Chatbot: David, would you like to know what's happening in the world of entertainment? I can recommend some movies or TV shows for you to watch.",Breakfast,Spread butter and jam
459,07:45,Good morning! How can I assist you today?,Breakfast,Slice fruit
464,07:50,"Yes, I would like some recommendations for news or entertainment.",Breakfast,Eat breakfast
465,07:51,What are some popular news topics today?,Breakfast,Eat breakfast
466,07:52,Can you suggest a good TV show to watch?,Breakfast,Eat breakfast
468,07:54,Do I have any notifications or reminders for today?,Breakfast,Eat breakfast
469,07:55,Is there any interesting technology news?,Breakfast,Eat breakfast
470,07:56,Can you recommend any good TV shows to watch?,Breakfast,Eat breakfast
471,07:57,What movies are currently popular?,Breakfast,Eat breakfast
472,07:58,Can you recommend any books to read?,Breakfast,Eat breakfast
473,07:59,Tell me about any upcoming concerts or events in the city.,Breakfast,Eat breakfast
484,08:10,"David Lee: Hi Alexa, do you have any news or entertainment recommendations?",Prepare presentation script,Prepare presentation script
485,08:11,Alexa: Sure! What kind of news or entertainment are you interested in?,Prepare presentation script,Prepare presentation script
486,08:12,"David Lee: I'm interested in the latest technology updates, any recommendations?",Prepare presentation script,Prepare presentation script
487,08:13,Alexa: Absolutely! I can provide you with the latest technology updates. Would you like to hear about any specific topics?,Prepare presentation script,Prepare presentation script
488,08:14,"David Lee: Yes, please! Can you tell me about the newest smartphones in the market?",Prepare presentation script,Prepare presentation script
489,08:15,"David Lee: Alexa, can you recommend any good TV shows or movies to watch?",Prepare presentation script,Prepare presentation script
490,08:16,Alexa: Of course! Are you interested in a specific genre or theme?,Prepare presentation script,Prepare presentation script
491,08:17,David Lee: I enjoy sci-fi and action genres.,Prepare presentation script,Prepare presentation script
492,08:18,Alexa: Great! I recommend checking out 'Stranger Things' on Netflix and 'The Mandalorian' on Disney+. Both are highly acclaimed and popular in the sci-fi and action genres.,Prepare presentation script,Prepare presentation script
493,08:19,David Lee: Thank you! I'll definitely check them out.,Prepare presentation script,Prepare presentation script
504,08:30,Good morning! How can I assist you today?,Prepare presentation script,Prepare presentation script
514,08:40,Hi David! I see you've been working on the presentation script for a while now. Is there anything specific you need help with or any questions you have?,Prepare presentation script,Prepare presentation script
515,08:41,"By the way, have you seen any interesting news or updates regarding technology recently?",Prepare presentation script,Prepare presentation script
516,08:42,"Speaking of technology, have you heard about any new gadgets or devices that caught your attention?",Prepare presentation script,Prepare presentation script
517,08:43,"Since you've been focused on work, how about taking a short break by discussing some entertainment news or recommendations?",Prepare presentation script,Prepare presentation script
518,08:44,"If you're interested, I can provide you with some recommendations for TV shows or movies based on your preferences. Just let me know what genre or theme you're in the mood for!",Prepare presentation script,Prepare presentation script
519,08:45,Ask David if he needs any reminders or notifications for the day.,Prepare presentation script,Prepare presentation script
520,08:46,Recommend a technology-related news article to David.,Prepare presentation script,Prepare presentation script
521,08:47,Ask David if he has any upcoming events or appointments.,Prepare presentation script,Prepare presentation script
529,08:55,Ask if David needs any assistance with his morning routine.,Prepare presentation script,Prepare presentation script
531,08:57,Suggest a technology update or news article that David might find interesting.,Prepare presentation script,Prepare presentation script
533,08:59,Ask if David has any plans for the weekend or if he needs any entertainment recommendations.,Prepare presentation script,Prepare presentation script
554,09:20,Hello David! How is your presentation preparation going? Do you need any assistance or recommendations?,Gather materials for presentation,Gather materials
555,09:21,Have you practiced your delivery? Any areas you feel unsure about?,Gather materials for presentation,Gather materials
559,09:25,Hello David! Are you still working on gathering materials for your presentation?,Gather materials for presentation,Print out documents
560,09:26,"By the way, would you like any recommendations for entertainment options after work today?",Gather materials for presentation,Print out documents
564,09:30,"David, would you like me to provide you with any information or assistance regarding your presentation?",Rehearse presentation,Gather presentation materials
569,09:35,Good morning! How can I assist you today?,Rehearse presentation,Set up presentation slides
574,09:40,"What topics are you interested in today? News, entertainment, or something else?",Rehearse presentation,Practice opening remarks
575,09:41,Any specific movie or TV show recommendations you're looking for?,Rehearse presentation,Practice opening remarks
579,09:45,Have you heard about any new technology gadgets being released soon?,Rehearse presentation,Practice opening remarks
582,09:48,What are your plans for the weekend? Any exciting activities or events?,Rehearse presentation,Practice opening remarks
591,09:57,Chatbot: Hi David! How can I assist you today?,Rehearse presentation,Review main talking points
593,09:59,"Chatbot: Good morning, David! How can I help you today?",Rehearse presentation,Review main talking points
594,10:00,Chatbot: Hi David! I noticed you have a presentation coming up. Do you need any assistance or tips for rehearsing and organizing your materials?,Rehearse presentation,Practice transitions between slides
595,10:01,"Chatbot: David, are there any specific topics or areas you would like to discuss or require information about?",Rehearse presentation,Practice transitions between slides
596,10:02,Chatbot: Just wanted to remind you that you have 30 minutes left for your presentation rehearsal. Keep up the good work!,Rehearse presentation,Practice transitions between slides
597,10:03,Chatbot: How is your practice going? Do you need any help with transitions or timing?,Rehearse presentation,Practice transitions between slides
614,10:20,What are the latest technology updates?,Rehearse presentation,Make adjustments to slides
623,10:29,What are some popular TV shows or movies that you recommend?,Rehearse presentation,Practice closing remarks
629,10:35,"Hi David, how can I assist you today?",Prepare for commute,Put on coat and grab bag
636,10:42,"Yes, I had a productive morning so far. Thank you for asking!",Prepare for commute,Lock apartment and leave
637,10:43,"Sure, I would love to hear some technology updates!",Prepare for commute,Lock apartment and leave
659,11:05,"Hi David! How can I assist you today? Are you looking for any recommendations on technology updates, TV shows, or movies?",Commute to company auditorium,Walk to company auditorium
678,11:25,Hi David! How are you today? I noticed that you've been busy with the seating layout for the product launching ceremony. Is there anything I can assist you with?,Set up for product launching ceremony,Arrange seating layout
683,11:30,Hello David! How can I assist you today?,Set up for product launching ceremony,Set up projector and screen
684,11:31,"Good morning, David! Do you need any help with your upcoming product launching ceremony?",Set up for product launching ceremony,Set up projector and screen
685,11:32,Hi David! Is there anything specific you would like to discuss about technology or entertainment?,Set up for product launching ceremony,Set up projector and screen
686,11:33,Hello David! Would you like any recommendations for TV shows or movies?,Set up for product launching ceremony,Set up projector and screen
688,11:35,Ask David if he needs any assistance with the product launching ceremony setup.,Set up for product launching ceremony,Set up projector and screen
691,11:38,Recommend David some technology updates related to projectors and screens for the product launching ceremony.,Set up for product launching ceremony,Set up projector and screen
693,11:40,Ask David if he needs any assistance with the presentation materials or if he has any questions regarding the product launching ceremony.,Set up for product launching ceremony,Prepare presentation materials
695,11:42,Recommend some technology updates or provide information about the latest entertainment options for David to enjoy after the ceremony.,Set up for product launching ceremony,Prepare presentation materials
698,11:45,"Hello David, I noticed that you're currently preparing presentation materials for the product launching ceremony. Do you need any assistance or guidance with the content or formatting? I'm here to help!",Set up for product launching ceremony,Prepare presentation materials
699,11:46,"Since you're setting up for the product launching ceremony, is there anything specific you need help with? Let me know if I can assist you with the seating arrangement or audio equipment.",Set up for product launching ceremony,Prepare presentation materials
703,11:50,Hi David! How are the preparations for the product launching ceremony going? Do you need any assistance with the setup or any other tasks?,Set up for product launching ceremony,Test microphone
704,11:51,"Just a friendly reminder, make sure you have all the necessary materials and equipment ready for the presentation. Let me know if there's anything specific you need help with!",Set up for product launching ceremony,Test microphone
706,11:53,"While you're busy preparing the presentation materials, I can assist you with any questions or provide you with any last-minute information you might need. Just let me know!",Set up for product launching ceremony,Test microphone
712,11:59,Good luck with the product launching ceremony! Is there anything else I can assist you with?,Set up for product launching ceremony,Organize marketing materials
718,12:05,"Topic: Lunch
Question: Alexa, can you suggest any good lunch options around Stuyvesant Town-Peter Cooper Village?
Gentle Utterance: Hi Alexa, I'm feeling hungry. Do you have any recommendations for a good lunch spot near me?
Conversation Length: 2 minutes",Lunch,Eat sandwich
719,12:06,"Topic: Entertainment
Question: What are some popular TV shows or movies that I should check out?
Gentle Utterance: Hi Alexa, I'm looking for some new TV shows or movies to watch. Any recommendations?
Conversation Length: 3 minutes",Lunch,Eat sandwich
721,12:08,"Topic: Technology
Question: Alexa, what are the latest advancements in artificial intelligence?
Gentle Utterance: Hi Alexa, I'm curious about the recent advancements in artificial intelligence. Can you fill me in?
Conversation Length: 2 minutes",Lunch,Eat sandwich
723,12:10,"Topic: Technology
Question: Alexa, can you update me on the latest technology news?
Gentle Utterance: Hi Alexa, I'm interested in the latest technology news. Can you give me a quick update?
Conversation Length: 3 minutes",Lunch,Eat sandwich
725,12:12,"Topic: Entertainment
Question: Alexa, can you recommend any new TV shows or movies?
Gentle Utterance: Hi Alexa, I'm looking for some new TV shows or movies to watch. Any recommendations?
Conversation Length: 3 minutes",Lunch,Eat sandwich
726,12:13,"Topic: Personal Interests
Question: Alexa, can you suggest any new books or podcasts?
Gentle Utterance: Hi Alexa, I'm in the mood for some new books or podcasts. Any recommendations?
Conversation Length: 3 minutes",Lunch,Eat sandwich
743,12:30,Hi David! How is your preparation for the product launching ceremony going? Is there anything specific you need help with?,Product launching ceremony,Prepare presentation script
744,12:31,"By the way, have you heard about any recent technology updates that might be relevant to your presentation?",Product launching ceremony,Prepare presentation script
745,12:32,"If you're interested, I can recommend some entertaining TV shows or movies that you might enjoy during your free time. Just let me know!",Product launching ceremony,Prepare presentation script
746,12:33,Do you have any personal interests or hobbies you would like to discuss in the chatbot?,Product launching ceremony,Prepare presentation script
747,12:34,"While I have your attention, would you like to receive timely notifications or reminders about upcoming events or important tasks?",Product launching ceremony,Prepare presentation script
748,12:35,"Hi David, how are the preparations for the product launching ceremony going? Do you need any assistance with the setup or equipment?",Product launching ceremony,Set up equipment
753,12:40,Hi David! How are your preparations for the product launching ceremony going? Can I assist you with anything?,Product launching ceremony,Set up equipment
755,12:42,"By the way, have you heard any interesting technology updates recently?",Product launching ceremony,Set up equipment
756,12:43,Do you have any favorite entertainment recommendations you'd like to share?,Product launching ceremony,Set up equipment
758,12:45,How can I assist you with your presentation script?,Product launching ceremony,Test audio and visual
759,12:46,Do you need any help setting up the equipment for the product launching ceremony?,Product launching ceremony,Test audio and visual
760,12:47,Is there anything specific you'd like assistance with for the upcoming ceremony?,Product launching ceremony,Test audio and visual
761,12:48,Are there any specific questions or concerns you have about the product launch?,Product launching ceremony,Test audio and visual
762,12:49,Would you like some recommendations for technology updates or entertainment options?,Product launching ceremony,Test audio and visual
763,12:50,Ask the chatbot for technology updates and recommendations for entertainment.,Product launching ceremony,Test audio and visual
765,12:52,Continue the conversation about technology updates and ask for more details about the recommended entertainment.,Product launching ceremony,Test audio and visual
767,12:54,Ask the chatbot for assistance with the upcoming presentation or event.,Product launching ceremony,Test audio and visual
770,12:57,Ask the chatbot for further assistance with the presentation or event planning.,Product launching ceremony,Greet attendees
771,12:58,Ask the chatbot for recommendations on preparation of the presentation script and any additional equipment needed.,Product launching ceremony,Greet attendees
776,13:03,David can initiate a chat to ask for any notifications or reminders for the day.,Product launching ceremony,Introduce speakers
778,13:05,David can ask for any entertainment recommendations or technology updates.,Product launching ceremony,Give presentation
779,13:06,David can ask for assistance with any presentation preparation or ask for any notifications or reminders.,Product launching ceremony,Give presentation
783,13:10,David might use the chatbot to ask for assistance with his ongoing presentation.,Product launching ceremony,Give presentation
793,13:20,"Hi David, how did your presentation go?",Product launching ceremony,Give presentation
794,13:21,Were the attendees engaged during your presentation?,Product launching ceremony,Give presentation
795,13:22,Did you receive any feedback after the presentation?,Product launching ceremony,Give presentation
796,13:23,Are there any follow-up actions required after the presentation?,Product launching ceremony,Give presentation
797,13:24,Do you have any upcoming projects or events?,Product launching ceremony,Give presentation
798,13:25,How did the presentation go so far?,Product launching ceremony,Give presentation
800,13:27,Have you been receiving positive feedback on your presentation?,Product launching ceremony,Give presentation
801,13:28,Are there any specific technology updates or trends that you want to discuss?,Product launching ceremony,Give presentation
805,13:32,What are your plans for the weekend?,Product launching ceremony,Give presentation
806,13:33,Have you watched any interesting movies or TV shows recently?,Product launching ceremony,Give presentation
808,13:35,"Chatbot, can you provide me with some technology updates?",Product launching ceremony,Demo product
809,13:36,What are some entertainment recommendations for the weekend?,Product launching ceremony,Demo product
810,13:37,"Chatbot, can you help me with my presentation preparation?",Product launching ceremony,Demo product
811,13:38,Do you have any tips for effective public speaking?,Product launching ceremony,Demo product
813,13:40,Hi David! How did the product demo go?,Product launching ceremony,Demo product
814,13:41,Did the attendees show interest in the product?,Product launching ceremony,Demo product
815,13:42,What were the main points of your presentation?,Product launching ceremony,Demo product
816,13:43,Were there any questions or feedback during the demo?,Product launching ceremony,Demo product
817,13:44,What are your plans for the rest of the day?,Product launching ceremony,Demo product
823,13:50,Hi David! How are you feeling about the Answer questions session at the Product launching ceremony?,Product launching ceremony,Answer questions
824,13:51,Is there anything specific you would like assistance with during the Answer questions session?,Product launching ceremony,Answer questions
825,13:52,Do you need help preparing any additional information or materials for the Answer questions session?,Product launching ceremony,Answer questions
827,13:54,Would you like some entertainment recommendations to help you relax after the event?,Product launching ceremony,Answer questions
828,13:55,Are there any specific genres or types of entertainment you are interested in?,Product launching ceremony,Answer questions
831,13:58,"If you need assistance with anything else, feel free to let me know!",Product launching ceremony,Answer questions
832,13:59,I'm here to help.,Product launching ceremony,Answer questions
833,14:00,"Hello, David! How may I assist you today?",Wrap up ceremony,Clean up auditorium
834,14:01,Are you looking for any technology updates or entertainment recommendations?,Wrap up ceremony,Clean up auditorium
838,14:05,Ask the chatbot for technology updates.,Wrap up ceremony,Clean up auditorium
839,14:06,Ask the chatbot for entertainment recommendations.,Wrap up ceremony,Clean up auditorium
841,14:08,Ask the chatbot for assistance with presentation preparation.,Wrap up ceremony,Clean up auditorium
845,14:12,Hi! How's your day going?,Clean up auditorium,Clean up chairs
847,14:14,Have you seen any interesting technology updates lately?,Clean up auditorium,Clean up chairs
848,14:15,Have you watched any good TV shows or movies recently?,Clean up auditorium,Pick up trash
849,14:16,What's your favorite genre of TV shows or movies?,Clean up auditorium,Pick up trash
850,14:17,Do you prefer watching TV shows or movies?,Clean up auditorium,Pick up trash
851,14:18,Who are some of your favorite actors or actresses?,Clean up auditorium,Pick up trash
852,14:19,Have you seen any trailers for upcoming movies or TV shows?,Clean up auditorium,Pick up trash
854,14:21,What's your opinion on the latest technology updates?,Clean up auditorium,Sweep the floor
868,14:35,David Lee may want to ask for technology updates from the chatbot.,Review performance of ceremony,Check audiovisual equipment
871,14:38,David Lee may want to ask for entertainment recommendations from the chatbot.,Review performance of ceremony,Check audiovisual equipment
872,14:39,David Lee may want to ask for presentation assistance from the chatbot.,Review performance of ceremony,Check audiovisual equipment
873,14:41,Hi David! How is your presentation preparation going?,Review performance of ceremony,Check audiovisual equipment
877,14:45,Hi David! How are you doing today? I noticed that you've been analyzing audience response. Is there anything specific you'd like assistance with?,Review performance of ceremony,Analyze audience response
887,14:55,"Hi David, how did the performance review of the ceremony go?",Review performance of ceremony,Prepare feedback report
890,14:58,"By the way, have you checked out any new technology updates recently?",Review performance of ceremony,Prepare feedback report
891,14:59,Do you need any recommendations for entertainment options?,Review performance of ceremony,Prepare feedback report
892,15:00,"Hi David, how did your performance review go? Did you receive any feedback from your colleagues?",Meet with colleagues for feedback,Review performance
895,15:03,"By the way, have you heard about any recent technology updates or any interesting entertainment recommendations that you would like to share?",Meet with colleagues for feedback,Review performance
902,15:10,Ask David if he needs assistance with his current task or if he wants to discuss improvements for the presentation.,Meet with colleagues for feedback,Discuss improvements
907,15:15,Chatbot: Hi David! I hope you're having a productive day. I noticed that you had a meeting scheduled from 15:00-15:15. How did it go? Is there anything I can help you with or any reminders you need for tomorrow's tasks?,Prepare for tomorrow's tasks,Review emails
912,15:20,Chatbot: Hi David! I noticed that you reviewed emails earlier. Is there anything else I can assist you with or any updates on the product launching ceremony you would like to discuss?,Prepare for tomorrow's tasks,Organize documents
913,15:21,"David: Actually, I have a question about tomorrow's tasks. Can you provide me with a list of the things I need to prepare for the presentation?",Prepare for tomorrow's tasks,Organize documents
914,15:22,"Chatbot: Of course, David! Here's a list of the tasks you need to complete for tomorrow's presentation: 1. Review the script, 2. Check the audiovisual equipment, 3. Analyze audience response, 4. Evaluate presenter performance. Let me know if you need any further assistance!",Prepare for tomorrow's tasks,Organize documents
915,15:23,David: Thank you! That's exactly what I needed. Is there any update on the technology news that I should be aware of?,Prepare for tomorrow's tasks,Organize documents
916,15:24,"Chatbot: Absolutely, David! Here are the latest technology updates: 1. The launch of a new smartphone with advanced features, 2. The release of a software update for a popular productivity app, 3. The announcement of a breakthrough in AI technology. Is there anything specific you would like to learn more about?",Prepare for tomorrow's tasks,Organize documents
917,15:25,David: I'm interested in learning more about the breakthrough in AI technology. Can you provide me with some details?,Prepare for tomorrow's tasks,Organize documents
918,15:26,"Chatbot: Sure, David! The breakthrough in AI technology involves the development of a neural network that can process complex data and make accurate predictions with high efficiency. This has significant implications for various industries, such as healthcare, finance, and transportation. If you have any further questions, feel free to ask!",Prepare for tomorrow's tasks,Organize documents
919,15:27,David: That's fascinating! I wonder if there are any entertainment recommendations you can provide for this weekend?,Prepare for tomorrow's tasks,Organize documents
920,15:28,"Chatbot: Certainly, David! Here are some entertainment recommendations for this weekend: 1. A new blockbuster movie that has been receiving rave reviews, 2. An art exhibition featuring renowned contemporary artists, 3. A live concert by a popular band. Let me know if you need more information about any of these recommendations!",Prepare for tomorrow's tasks,Organize documents
921,15:29,David: Thank you for the recommendations! I'll definitely check them out. That's all for now.,Prepare for tomorrow's tasks,Organize documents
932,15:40,Hi David! How can I assist you today? Is there anything specific you would like to discuss?,Prepare for tomorrow's tasks,Create to-do list
933,15:41,I noticed that you have been working on creating a to-do list. Would you like any suggestions or tips on how to prioritize your tasks effectively?,Prepare for tomorrow's tasks,Create to-do list
934,15:42,Have you considered using any productivity tools or apps to help you stay organized and manage your tasks efficiently?,Prepare for tomorrow's tasks,Create to-do list
935,15:43,"Since you mentioned being an office manager, would you like assistance in finding any helpful resources on office management or any other professional topics?",Prepare for tomorrow's tasks,Create to-do list
942,15:50,"Hey Alexa, can you give me the latest technology updates?",Coffee break,Check emails
943,15:51,"Alexa, recommend some entertaining movies or TV shows.",Coffee break,Check emails
945,15:53,"Alexa, can you assist me with preparing a presentation?",Coffee break,Check emails
946,15:54,"Alexa, what are some effective presentation techniques?",Coffee break,Check emails
947,15:56,Ask the chatbot about entertainment recommendations.,Coffee break,Check emails
948,15:57,Ask the chatbot for assistance with presentation preparation.,Coffee break,Check emails
956,16:05,Hi David! How is your presentation script coming along? Do you need any assistance or suggestions?,Finish last project,Prepare presentation script
961,16:10,Hi David! How are you doing with your presentation script? Do you need any assistance or suggestions for it?,Finish last project,Prepare presentation script
965,16:14,Reminder: Have you prioritized your tasks for the day? Let me know if you need any help with time management or task organization.,Finish last project,Prepare presentation script
966,16:15,Hi David! How is your presentation script coming along?,Finish last project,Prepare presentation script
967,16:16,Do you need any assistance with your presentation preparation?,Finish last project,Prepare presentation script
968,16:17,Would you like some suggestions for improving your presentation?,Finish last project,Prepare presentation script
974,16:23,What technology updates or entertainment recommendations are you interested in today?,Finish last project,Prepare presentation script
976,16:25,Ask the chatbot for technology updates.,Finish last project,Prepare presentation script
977,16:26,Ask the chatbot for entertainment recommendations.,Finish last project,Prepare presentation script
978,16:27,Ask the chatbot for assistance with presentation preparations.,Finish last project,Prepare presentation script
980,16:29,Ask the chatbot for technology updates.,Finish last project,Prepare presentation script
981,16:30,Ask the chatbot for entertainment recommendations.,Finish last project,Go to company auditorium
982,16:31,Ask the chatbot for assistance with presentation preparations.,Finish last project,Go to company auditorium
984,16:33,Ask the chatbot for technology updates.,Finish last project,Go to company auditorium
985,16:34,Ask the chatbot for entertainment recommendations.,Finish last project,Go to company auditorium
986,16:35,Ask the chatbot for assistance with presentation preparations.,Finish last project,Go to company auditorium
987,16:36,Ask the chatbot for technology updates.,Finish last project,Go to company auditorium
988,16:37,Ask the chatbot for entertainment recommendations.,Finish last project,Go to company auditorium
989,16:38,Ask the chatbot for assistance with presentation preparations.,Finish last project,Go to company auditorium
990,16:39,Ask the chatbot for technology updates.,Finish last project,Go to company auditorium
991,16:40,"Chatbot, can you provide me with the latest technology updates?",Finish last project,Hold product launching ceremony
992,16:41,"Chatbot, what are some popular entertainment options in New York City?",Finish last project,Hold product launching ceremony
993,16:42,"Chatbot, can you recommend any good restaurants near Stuyvesant Town?",Finish last project,Hold product launching ceremony
996,16:45,"Chatbot, can you provide me with the latest technology updates?",Finish last project,Hold product launching ceremony
998,16:47,"Chatbot, what are some popular entertainment options available in Stuyvesant Town-Peter Cooper Village?",Finish last project,Hold product launching ceremony
999,16:48,"Chatbot, can you recommend any educational resources for learning a new language?",Finish last project,Hold product launching ceremony
1001,16:50,"Chatbot, can you suggest some technology-related podcasts or blogs?",Finish last project,Hold product launching ceremony
1003,16:52,"Chatbot, what are some upcoming entertainment events in New York City?",Finish last project,Hold product launching ceremony
1005,16:54,"Chatbot, can you provide me with information on how to protect my data and ensure privacy? Can you recommend any security measures?",Finish last project,Hold product launching ceremony
1006,16:55,"Chatbot, can you provide me with the latest technology updates?",Finish last project,Hold product launching ceremony
1007,16:56,"Chatbot, what are some popular movies or TV shows worth watching?",Finish last project,Hold product launching ceremony
1008,16:57,"Chatbot, do you have any recommendations for entertainment activities in New York City?",Finish last project,Hold product launching ceremony
1011,17:00,Can you provide me with the latest technology updates?,Finish last project,Hold product launching ceremony
1012,17:01,What are some entertainment recommendations for this weekend?,Finish last project,Hold product launching ceremony
1014,17:03,Can you assist me with preparing for my next presentation?,Finish last project,Hold product launching ceremony
1015,17:04,Any new technology updates that I should be aware of?,Finish last project,Hold product launching ceremony
1017,17:06,Ask if David needs any assistance with the product launching ceremony,Finish last project,Hold product launching ceremony
1019,17:08,Recommend some entertainment options to help David relax after the ceremony,Finish last project,Hold product launching ceremony
1020,17:09,Ask if David needs any suggestions for technology updates,Finish last project,Hold product launching ceremony
1031,17:20,"Hi David, how is the product launching ceremony going? Is everything going smoothly?",Finish last project,Hold product launching ceremony
1032,17:21,"By the way, have you seen the latest technology updates? There are some interesting developments!",Finish last project,Hold product launching ceremony
1034,17:23,Do you have any entertainment recommendations? I heard there is a new movie release this weekend!,Finish last project,Hold product launching ceremony
1035,17:24,Are you preparing for any upcoming presentations? Let me know if you need any assistance with that.,Finish last project,Hold product launching ceremony
1036,17:25,"Hey David, how is the product launching ceremony going? Is there anything I can help with?",Finish last project,Hold product launching ceremony
1037,17:26,Do you need any assistance or information regarding the product launching ceremony?,Finish last project,Hold product launching ceremony
1038,17:27,Have you made any plans for your next travel destination? I can provide some suggestions based on your interests.,Finish last project,Hold product launching ceremony
1039,17:28,Is there anything else I can assist you with regarding the product launching ceremony?,Finish last project,Hold product launching ceremony
1040,17:29,Do you need any information about current affairs or educational topics? I can provide you with the latest updates.,Finish last project,Hold product launching ceremony
1061,17:50,Hey David! How is your project handover going? Do you need any assistance with creating the handover checklist?,Prepare project handover documents,Create handover checklist
1066,17:55,"Hey David, have you heard about the latest technology updates? There have been some exciting advancements in the tech world lately.",Prepare project handover documents,Review handover protocol
1070,17:59,"I hope your project handover is going smoothly. If you need any recommendations for entertainment or travel destinations, feel free to ask!",Prepare project handover documents,Review handover protocol
1086,18:15,Hi David! How is the project wrap up going? Do you need any assistance or information about the handover documents?,Review project handover documents,Wrap up last project
1087,18:16,"By the way, have you planned any activities or entertainment options after completing the project?",Review project handover documents,Wrap up last project
1091,18:20,"Chatbot, can you provide me with any updates on technology?",Review project handover documents,Wrap up last project
1096,18:25,What are some recent technology updates that you would like to know about?,Review project handover documents,Wrap up last project
1097,18:26,Have you watched any good movies or TV shows recently? I can recommend some entertainment options for you.,Review project handover documents,Wrap up last project
1098,18:27,Do you need any assistance with your upcoming presentation? I can help you with that.,Review project handover documents,Wrap up last project
1099,18:28,Are there any specific topics you would like to discuss related to technology or current affairs?,Review project handover documents,Wrap up last project
1101,18:30,"David: Hey Alexa, can you help me with some ideas for my presentation script?",Wrap up last project,Prepare presentation script
1103,18:32,Alexa: Of course! What specific aspects of your presentation script do you need help with?,Wrap up last project,Prepare presentation script
1104,18:33,David: I'm struggling with the introduction. Can you suggest some attention-grabbing opening lines?,Wrap up last project,Prepare presentation script
1105,18:34,Alexa: How about starting with a relevant statistic or an engaging anecdote?,Wrap up last project,Prepare presentation script
1106,18:35,"David: Alexa, can you assist me with preparing the presentation slides? I want to make sure they are visually appealing and engaging.",Wrap up last project,Prepare presentation script
1107,18:36,"Alexa: Of course! I can help you create visually appealing slides by suggesting relevant images, charts, and graphs. How about we start by selecting a suitable template for your presentation?",Wrap up last project,Prepare presentation script
1116,18:45,Can you provide me with the latest technology updates?,Wrap up last project,Review final project report
1117,18:46,What are some popular entertainment recommendations right now?,Wrap up last project,Review final project report
1119,18:48,Can you assist me with preparing my presentation script?,Wrap up last project,Review final project report
1120,18:49,Do you have any tips for reviewing a final project report?,Wrap up last project,Review final project report
1121,18:50,Can you suggest any travel destinations for a weekend trip?,Wrap up last project,Prepare for product launching ceremony
1122,18:51,What are the current affairs topics that I should be aware of?,Wrap up last project,Prepare for product launching ceremony
1123,18:52,Can you provide me with some tips on maintaining data security?,Wrap up last project,Prepare for product launching ceremony
1126,18:55,Ask the chatbot for any last-minute tips or suggestions for the product launching ceremony.,Wrap up last project,Prepare for product launching ceremony
1128,18:57,Discuss the latest technology updates and innovations in the industry.,Wrap up last project,Prepare for product launching ceremony
1129,18:58,Inquire about the chatbot's recommended entertainment options for the evening.,Wrap up last project,Prepare for product launching ceremony
1132,19:01,Ask the chatbot for help in organizing or scheduling upcoming tasks or projects.,Commute back home,Commute back home
1133,19:02,Discuss any recent news or current affairs that may be of interest.,Commute back home,Commute back home
1134,19:03,Ask the chatbot for entertainment recommendations or updates.,Commute back home,Commute back home
1136,19:05,Ask about the latest technology updates and if there are any new entertainment recommendations.,Commute back home,Commute back home
1137,19:06,Ask about David's current favorite technology gadget and if he has watched any new movies or TV shows recently.,Commute back home,Commute back home
1138,19:07,Ask if David has any upcoming plans for travel or if he has any favorite destinations.,Commute back home,Commute back home
1140,19:09,Ask if David needs any assistance with his presentation or if he has any specific questions about it.,Commute back home,Commute back home
1141,19:10,Hi David! How was your day at work? Did the product launching ceremony go well?,Commute back home,Commute back home
1144,19:13,"By the way, have you heard about the latest technology updates? There are some exciting developments in the field.",Commute back home,Commute back home
1145,19:14,"Also, do you have any plans for the weekend? Any new movie or TV show recommendations?",Commute back home,Commute back home
1146,19:15,Hi David! How was your day at work today?,Commute back home,Commute back home
1148,19:17,"Since you mentioned your interest in travel, have you considered taking a road trip from New York City to Boston? It could be a fun adventure!",Commute back home,Commute back home
1149,19:18,"By the way, do you have any questions or need any information regarding your upcoming presentation?",Commute back home,Commute back home
1150,19:19,Have you had a chance to review the final project report? Let me know if you need any assistance with it.,Commute back home,Commute back home
1151,19:20,What are the latest technology updates?,Commute back home,Commute back home
1152,19:21,Any recommendations for new movies or TV shows?,Commute back home,Commute back home
1155,19:24,Can you help me with some tips for giving a presentation?,Commute back home,Commute back home
1156,19:26,Do you have any recommendations for travel destinations?,Commute back home,Commute back home
1160,19:30,What are some technology updates you would like to know about tonight?,Dinner,prepare ingredients
1161,19:31,Have you watched any movies or TV shows recently that you enjoyed?,Dinner,prepare ingredients
1175,19:45,"Hello David, how is your main dish coming along? Do you need any cooking tips or recipe suggestions?",Dinner,cook main dish
1176,19:46,"By the way, have you heard about the latest technology updates or any interesting entertainment recommendations?",Dinner,cook main dish
1177,19:47,"If you're interested in technology, I can provide you with some updates and recommendations. Is there anything specific you'd like to know?",Dinner,cook main dish
1180,19:50,Did you have a good day at work today?,Dinner,set the table
1184,19:54,What are your plans for the evening?,Dinner,set the table
1190,20:00,"Hi David! How are you enjoying your relaxing music playlist? If you need any recommendations for similar playlists or any other entertainment suggestions, feel free to ask!",Relax and unwind,Relaxing music playlist
1191,20:01,"By the way, have you seen any interesting technology updates lately? I can provide you with the latest news and updates if you're interested!",Relax and unwind,Relaxing music playlist
1192,20:02,"If you're planning any upcoming presentations, I can assist you with preparation tips or templates. Let me know if you need any help!",Relax and unwind,Relaxing music playlist
1200,20:10,Chatbot: Hi David! How was your day today? Are you ready to relax and unwind with some relaxing music?,Relax and unwind,Relaxing music playlist
1205,20:15,"Chatbot: David, do you have any favorite artists or songs that you like to listen to when relaxing?",Relax and unwind,Relaxing music playlist
1206,20:16,Chatbot: Have you tried exploring other genres of relaxing music? I can recommend some if you'd like.,Relax and unwind,Relaxing music playlist
1211,20:21,Hi David! How are you enjoying your relaxing music playlist? Is there any particular song or artist you would like me to recommend?,Relax and unwind,Relaxing music playlist
1212,20:22,I hope you're finding the relaxing music playlist helpful. Is there anything else you would like to talk about?,Relax and unwind,Relaxing music playlist
1213,20:23,Just checking in to see how your evening is going. Is there anything specific you would like to discuss?,Relax and unwind,Relaxing music playlist
1214,20:24,I'm here if you need any assistance or if there's anything you would like to chat about.,Relax and unwind,Relaxing music playlist
1215,20:25,Hi David! I hope you're enjoying your relaxing music playlist. Do you have any questions about the latest technology updates or need any recommendations for entertainment?,Relax and unwind,Relaxing music playlist
1217,20:27,"Hi David! If you're still relaxing and unwinding, I'm here if you need any assistance with your presentation preparation. Let me know how I can help!",Relax and unwind,Relaxing music playlist
1219,20:29,"Hi David! If you're still listening to your relaxing music playlist, I hope it's helping you unwind. Is there anything else I can assist you with?",Relax and unwind,Relaxing music playlist
1220,20:30,"Hi David! I hope you're enjoying your hot bath and feeling relaxed. If you have any questions about technology updates or entertainment recommendations, feel free to ask!",Relax and unwind,Hot bath
1221,20:31,"Hi David! How are you enjoying your relaxing music playlist? If you're interested, I can suggest some new entertainment options for you. Just let me know!",Relax and unwind,Hot bath
1225,20:35,Hi David! How are you enjoying your hot bath? Is there anything I can assist you with?,Relax and unwind,Hot bath
1226,20:36,"Since you mentioned you enjoy technology, would you like some recommendations on the latest gadgets or tech news?",Relax and unwind,Hot bath
1227,20:37,"David, have you watched any good movies or TV shows lately? I can suggest some based on your preferences!",Relax and unwind,Hot bath
1228,20:38,"By the way, are you working on any new presentation that requires assistance? Let me know if you need any help!",Relax and unwind,Hot bath
1240,20:50,Alexa: Hi David! I hope you're enjoying your hot bath. Do you want to know the latest technology updates?,Relax and unwind,Hot bath
1241,20:51,"David: Yes, please! Any recommendations for entertainment or travel?",Relax and unwind,Hot bath
1242,20:52,"Alexa: Absolutely! Are you interested in movies, TV shows, or music? Any particular genre or artist you prefer?",Relax and unwind,Hot bath
1243,20:53,David: I'm open to any genre. What are some popular movies or TV shows these days?,Relax and unwind,Hot bath
1244,20:54,Alexa: There are many great options currently. Can I recommend a few popular movies and TV shows for you to check out?,Relax and unwind,Hot bath
1255,21:05,Ask the chatbot for technology updates.,Relax and unwind,Read a book
1256,21:06,Ask the chatbot for entertainment recommendations.,Relax and unwind,Read a book
1257,21:07,Ask the chatbot for assistance with presentation preparation.,Relax and unwind,Read a book
1264,21:14,David may initiate a chat with the chatbot to ask about technology updates and recommendations for entertainment.,Relax and unwind,Read a book
1265,21:15,Ask about the latest technology updates and recommend entertainment options.,Relax and unwind,Read a book
1266,21:16,Ask for assistance with preparing a presentation.,Relax and unwind,Read a book
1267,21:17,Discuss current technology trends and ask for recommendations on new gadgets.,Relax and unwind,Read a book
1275,21:25,Hi David! How are you finding the book you're currently reading?,Relax and unwind,Read a book
1278,21:28,"By the way, have you heard about the latest technology updates?",Relax and unwind,Read a book
1279,21:29,I can also recommend some entertainment options if you're interested.,Relax and unwind,Read a book
1280,21:30,Good evening David! How can I assist you with your tasks today?,Review personal goals,Review personal goals
1281,21:31,Do you need any recommendations for entertainment or technology updates?,Review personal goals,Review personal goals
1282,21:32,How about reviewing your personal goals for today?,Review personal goals,Review personal goals
1289,21:39,"David: Hey, Alexa. Could you recommend any new technology updates that I should be aware of?",Review personal goals,Review personal goals
1290,21:40,Chatbot: Hi David! How are you doing? I hope your review of personal goals is going well. Is there anything specific you need assistance with?,Review personal goals,Review personal goals
1292,21:42,"Chatbot: Sure, David! Here are some recent technology updates: [provide information about the latest advancements in technology]. Let me know if you have any specific questions or if there's anything else you'd like to chat about.",Review personal goals,Review personal goals
1293,21:43,"David: Thanks for the update! I'm also planning a trip, do you have any travel recommendations?",Review personal goals,Review personal goals
1294,21:44,"Chatbot: Of course! Where are you planning to go? And could you please let me know your preferences regarding the type of travel experiences you enjoy, such as adventure, relaxation, culture, etc.?",Review personal goals,Review personal goals
1295,21:45,"Chatbot, can you recommend me some new technology updates?",Review personal goals,Review personal goals
1296,21:46,"Chatbot, have there been any recent entertainment recommendations?",Review personal goals,Review personal goals
1297,21:47,"Chatbot, can you help me with my presentation preparation?",Review personal goals,Review personal goals
1300,21:50,"Good evening, David! How are you doing with reviewing your personal goals? Is there anything specific you need assistance or guidance with?",Review personal goals,Review personal goals
1305,21:55,Hi David! How are you doing with your personal goal review? Is there anything specific you need help with?,Review personal goals,Review personal goals
1306,21:56,Have you come across any interesting technology updates or entertainment recommendations lately?,Review personal goals,Review personal goals
1307,21:57,"If you're working on a presentation, do you need any assistance or tips?",Review personal goals,Review personal goals
